{"_id":{"SD_CD":"11"},"SD_NM":"서울특별시","SGG_NM":"서울특별시","SGG_CD":"11000","SD_CD":"11","beta":-0.0116736,"beta_L":-0.015904,"beta_U":-0.0075444,"2012_1":0,"2012_2":0,"2012_3":0,"2012_4":0,"2012_5":0,"2012_6":0,"2012_7":0,"2012_8":0,"2012_9":0,"2012_10":0,"2012_11":0,"2012_12":0,"2013_1":0,"2013_2":0,"2013_3":0,"2013_4":0,"2013_5":0,"2013_6":0,"2013_7":0,"2013_8":0,"2013_9":0,"2013_10":0,"2013_11":0,"2013_12":0,"2014_1":0,"2014_2":0,"2014_3":0,"2014_4":0,"2014_5":0,"2014_6":0,"2014_7":0,"2014_8":0,"2014_9":0,"2014_10":0,"2014_11":0,"2014_12":0,"2015_1":0,"2015_2":0,"2015_3":0,"2015_4":0,"2015_5":0,"2015_6":0,"2015_7":0,"2015_8":0,"2015_9":0,"2015_10":0,"2015_11":0,"2015_12":0,"1mth_avg":0,"2mth_avg":0,"3mth_avg":0,"4mth_avg":0,"5mth_avg":0,"6mth_avg":0,"7mth_avg":0,"8mth_avg":0,"9mth_avg":0,"10mth_avg":0,"11mth_avg":0,"12mth_avg":0}
{"_id":{"SD_CD":"21"},"SD_NM":"부산광역시","SGG_NM":"부산광역시","SGG_CD":"21000","SD_CD":"21","beta":0.002608125,"beta_L":-0.00121,"beta_U":0.006323125000000001,"2012_1":1,"2012_2":1,"2012_3":1,"2012_4":1,"2012_5":2,"2012_6":1,"2012_7":1,"2012_8":0,"2012_9":1,"2012_10":1,"2012_11":1,"2012_12":1,"2013_1":3,"2013_2":2,"2013_3":3,"2013_4":1,"2013_5":2,"2013_6":2,"2013_7":1,"2013_8":1,"2013_9":0,"2013_10":1,"2013_11":1,"2013_12":1,"2014_1":2,"2014_2":1,"2014_3":0,"2014_4":0,"2014_5":0,"2014_6":0,"2014_7":0,"2014_8":0,"2014_9":0,"2014_10":0,"2014_11":0,"2014_12":0,"2015_1":1,"2015_2":2,"2015_3":0,"2015_4":0,"2015_5":2,"2015_6":1,"2015_7":0,"2015_8":0,"2015_9":0,"2015_10":0,"2015_11":0,"2015_12":0,"1mth_avg":1,"2mth_avg":1,"3mth_avg":0,"4mth_avg":0,"5mth_avg":0,"6mth_avg":0,"7mth_avg":0,"8mth_avg":0,"9mth_avg":0,"10mth_avg":0,"11mth_avg":0,"12mth_avg":0}
{"_id":{"SD_CD":"22"},"SD_NM":"대구광역시","SGG_NM":"대구광역시","SGG_CD":"22000","SD_CD":"22","beta":0.00133,"beta_L":-0.0018800000000000002,"beta_U":0.0044725,"2012_1":1,"2012_2":1,"2012_3":0,"2012_4":0,"2012_5":0,"2012_6":0,"2012_7":0,"2012_8":0,"2012_9":0,"2012_10":0,"2012_11":1,"2012_12":1,"2013_1":2,"2013_2":1,"2013_3":2,"2013_4":0,"2013_5":1,"2013_6":0,"2013_7":0,"2013_8":0,"2013_9":0,"2013_10":0,"2013_11":0,"2013_12":1,"2014_1":1,"2014_2":0,"2014_3":0,"2014_4":0,"2014_5":1,"2014_6":0,"2014_7":0,"2014_8":0,"2014_9":0,"2014_10":0,"2014_11":0,"2014_12":0,"2015_1":1,"2015_2":2,"2015_3":0,"2015_4":0,"2015_5":0,"2015_6":0,"2015_7":0,"2015_8":0,"2015_9":0,"2015_10":0,"2015_11":0,"2015_12":0,"1mth_avg":1,"2mth_avg":0,"3mth_avg":0,"4mth_avg":0,"5mth_avg":0,"6mth_avg":0,"7mth_avg":0,"8mth_avg":0,"9mth_avg":0,"10mth_avg":0,"11mth_avg":0,"12mth_avg":0}
{"_id":{"SD_CD":"23"},"SD_NM":"인천광역시","SGG_NM":"인천광역시","SGG_CD":"23000","SD_CD":"23","beta":0.003579,"beta_L":-0.0015170000000000001,"beta_U":0.008492,"2012_1":3,"2012_2":3,"2012_3":2,"2012_4":2,"2012_5":2,"2012_6":1,"2012_7":0,"2012_8":0,"2012_9":1,"2012_10":1,"2012_11":2,"2012_12":3,"2013_1":5,"2013_2":3,"2013_3":3,"2013_4":3,"2013_5":5,"2013_6":4,"2013_7":2,"2013_8":3,"2013_9":2,"2013_10":3,"2013_11":3,"2013_12":6,"2014_1":2,"2014_2":2,"2014_3":1,"2014_4":2,"2014_5":1,"2014_6":1,"2014_7":1,"2014_8":0,"2014_9":1,"2014_10":1,"2014_11":1,"2014_12":1,"2015_1":3,"2015_2":3,"2015_3":1,"2015_4":1,"2015_5":1,"2015_6":1,"2015_7":0,"2015_8":1,"2015_9":1,"2015_10":2,"2015_11":1,"2015_12":1,"1mth_avg":3,"2mth_avg":2,"3mth_avg":1,"4mth_avg":1,"5mth_avg":1,"6mth_avg":1,"7mth_avg":0,"8mth_avg":0,"9mth_avg":1,"10mth_avg":1,"11mth_avg":1,"12mth_avg":1}
{"_id":{"SD_CD":"24"},"SD_NM":"광주광역시","SGG_NM":"광주광역시","SGG_CD":"24000","SD_CD":"24","beta":0.00852,"beta_L":0.004724,"beta_U":0.012278,"2012_1":5,"2012_2":5,"2012_3":5,"2012_4":4,"2012_5":6,"2012_6":2,"2012_7":1,"2012_8":2,"2012_9":2,"2012_10":2,"2012_11":5,"2012_12":5,"2013_1":7,"2013_2":5,"2013_3":6,"2013_4":5,"2013_5":6,"2013_6":5,"2013_7":2,"2013_8":2,"2013_9":3,"2013_10":2,"2013_11":2,"2013_12":5,"2014_1":5,"2014_2":4,"2014_3":2,"2014_4":2,"2014_5":4,"2014_6":2,"2014_7":1,"2014_8":1,"2014_9":2,"2014_10":2,"2014_11":2,"2014_12":2,"2015_1":3,"2015_2":5,"2015_3":0,"2015_4":2,"2015_5":2,"2015_6":2,"2015_7":0,"2015_8":2,"2015_9":2,"2015_10":5,"2015_11":0,"2015_12":0,"1mth_avg":4,"2mth_avg":4,"3mth_avg":2,"4mth_avg":2,"5mth_avg":3,"6mth_avg":2,"7mth_avg":0,"8mth_avg":1,"9mth_avg":2,"10mth_avg":2,"11mth_avg":2,"12mth_avg":2}
{"_id":{"SD_CD":"25"},"SD_NM":"대전광역시","SGG_NM":"대전광역시","SGG_CD":"25000","SD_CD":"25","beta":0.00014599999999999994,"beta_L":-0.003386,"beta_U":0.003638,"2012_1":1,"2012_2":1,"2012_3":1,"2012_4":1,"2012_5":1,"2012_6":0,"2012_7":0,"2012_8":0,"2012_9":0,"2012_10":0,"2012_11":1,"2012_12":1,"2013_1":1,"2013_2":1,"2013_3":1,"2013_4":1,"2013_5":1,"2013_6":1,"2013_7":0,"2013_8":0,"2013_9":0,"2013_10":0,"2013_11":1,"2013_12":1,"2014_1":1,"2014_2":1,"2014_3":1,"2014_4":1,"2014_5":1,"2014_6":0,"2014_7":0,"2014_8":0,"2014_9":0,"2014_10":0,"2014_11":0,"2014_12":0,"2015_1":1,"2015_2":1,"2015_3":0,"2015_4":0,"2015_5":1,"2015_6":1,"2015_7":0,"2015_8":0,"2015_9":0,"2015_10":1,"2015_11":0,"2015_12":0,"1mth_avg":1,"2mth_avg":1,"3mth_avg":0,"4mth_avg":0,"5mth_avg":1,"6mth_avg":0,"7mth_avg":0,"8mth_avg":0,"9mth_avg":0,"10mth_avg":0,"11mth_avg":0,"12mth_avg":0}
{"_id":{"SD_CD":"26"},"SD_NM":"울산광역시","SGG_NM":"울산광역시","SGG_CD":"26000","SD_CD":"26","beta":0.002598,"beta_L":-0.00131,"beta_U":0.006336,"2012_1":0,"2012_2":0,"2012_3":0,"2012_4":0,"2012_5":0,"2012_6":0,"2012_7":0,"2012_8":0,"2012_9":0,"2012_10":0,"2012_11":0,"2012_12":0,"2013_1":0,"2013_2":0,"2013_3":0,"2013_4":0,"2013_5":0,"2013_6":0,"2013_7":0,"2013_8":0,"2013_9":0,"2013_10":0,"2013_11":0,"2013_12":0,"2014_1":0,"2014_2":0,"2014_3":0,"2014_4":0,"2014_5":0,"2014_6":0,"2014_7":0,"2014_8":0,"2014_9":0,"2014_10":0,"2014_11":0,"2014_12":0,"2015_1":0,"2015_2":0,"2015_3":0,"2015_4":0,"2015_5":0,"2015_6":0,"2015_7":0,"2015_8":0,"2015_9":0,"2015_10":0,"2015_11":0,"2015_12":0,"1mth_avg":0,"2mth_avg":0,"3mth_avg":0,"4mth_avg":0,"5mth_avg":0,"6mth_avg":0,"7mth_avg":0,"8mth_avg":0,"9mth_avg":0,"10mth_avg":0,"11mth_avg":0,"12mth_avg":0}
{"_id":{"SD_CD":"29"},"SD_NM":"세종특별자치시","SGG_NM":"세종특별자치시","SGG_CD":"29000","SD_CD":"29","beta":0.01093,"beta_L":0.00785,"beta_U":0.01393,"2012_1":0,"2012_2":0,"2012_3":0,"2012_4":0,"2012_5":0,"2012_6":0,"2012_7":0,"2012_8":0,"2012_9":0,"2012_10":0,"2012_11":0,"2012_12":1,"2013_1":1,"2013_2":1,"2013_3":1,"2013_4":1,"2013_5":1,"2013_6":0,"2013_7":0,"2013_8":0,"2013_9":0,"2013_10":0,"2013_11":0,"2013_12":1,"2014_1":1,"2014_2":1,"2014_3":0,"2014_4":0,"2014_5":0,"2014_6":0,"2014_7":0,"2014_8":0,"2014_9":0,"2014_10":0,"2014_11":0,"2014_12":0,"2015_1":1,"2015_2":1,"2015_3":0,"2015_4":0,"2015_5":1,"2015_6":0,"2015_7":0,"2015_8":0,"2015_9":0,"2015_10":1,"2015_11":0,"2015_12":0,"1mth_avg":0,"2mth_avg":0,"3mth_avg":0,"4mth_avg":0,"5mth_avg":0,"6mth_avg":0,"7mth_avg":0,"8mth_avg":0,"9mth_avg":0,"10mth_avg":0,"11mth_avg":0,"12mth_avg":0}
{"_id":{"SD_CD":"31"},"SD_NM":"경기도","SGG_NM":"경기도","SGG_CD":"31000","SD_CD":"31","beta":-0.005282727272727273,"beta_L":-0.009733636363636363,"beta_U":-0.0009740909090909089,"2012_1":0,"2012_2":0,"2012_3":0,"2012_4":0,"2012_5":0,"2012_6":0,"2012_7":0,"2012_8":0,"2012_9":0,"2012_10":0,"2012_11":0,"2012_12":0,"2013_1":0,"2013_2":0,"2013_3":0,"2013_4":0,"2013_5":0,"2013_6":0,"2013_7":0,"2013_8":0,"2013_9":0,"2013_10":0,"2013_11":0,"2013_12":0,"2014_1":0,"2014_2":0,"2014_3":0,"2014_4":0,"2014_5":0,"2014_6":0,"2014_7":0,"2014_8":0,"2014_9":0,"2014_10":0,"2014_11":0,"2014_12":0,"2015_1":0,"2015_2":0,"2015_3":0,"2015_4":0,"2015_5":0,"2015_6":0,"2015_7":0,"2015_8":0,"2015_9":0,"2015_10":0,"2015_11":0,"2015_12":0,"1mth_avg":0,"2mth_avg":0,"3mth_avg":0,"4mth_avg":0,"5mth_avg":0,"6mth_avg":0,"7mth_avg":0,"8mth_avg":0,"9mth_avg":0,"10mth_avg":0,"11mth_avg":0,"12mth_avg":0}
{"_id":{"SD_CD":"32"},"SD_NM":"강원도","SGG_NM":"강원도","SGG_CD":"32000","SD_CD":"32","beta":0.006827222222222222,"beta_L":0.00016833333333333332,"beta_U":0.013210555555555555,"2012_1":2,"2012_2":1,"2012_3":1,"2012_4":2,"2012_5":1,"2012_6":1,"2012_7":1,"2012_8":0,"2012_9":1,"2012_10":1,"2012_11":2,"2012_12":2,"2013_1":2,"2013_2":1,"2013_3":2,"2013_4":2,"2013_5":2,