{"_id":{"SD_CD":"11"},"SD_NM":"서울특별시","SGG_NM":"서울특별시","SGG_CD":"11000","SD_CD":"11","beta":-0.0089316,"beta_L":-0.011528799999999999,"beta_U":-0.006378,"2012_1":0,"2012_2":0,"2012_3":0,"2012_4":0,"2012_5":0,"2012_6":0,"2012_7":0,"2012_8":0,"2012_9":0,"2012_10":0,"2012_11":0,"2012_12":0,"2013_1":0,"2013_2":0,"2013_3":0,"2013_4":0,"2013_5":0,"2013_6":0,"2013_7":0,"2013_8":0,"2013_9":0,"2013_10":0,"2013_11":0,"2013_12":0,"2014_1":0,"2014_2":0,"2014_3":0,"2014_4":0,"2014_5":0,"2014_6":0,"2014_7":0,"2014_8":0,"2014_9":0,"2014_10":0,"2014_11":0,"2014_12":0,"2015_1":0,"2015_2":0,"2015_3":0,"2015_4":0,"2015_5":0,"2015_6":0,"2015_7":0,"2015_8":0,"2015_9":0,"2015_10":0,"2015_11":0,"2015_12":0,"1mth_avg":0,"2mth_avg":0,"3mth_avg":0,"4mth_avg":0,"5mth_avg":0,"6mth_avg":0,"7mth_avg":0,"8mth_avg":0,"9mth_avg":0,"10mth_avg":0,"11mth_avg":0,"12mth_avg":0}
{"_id":{"SD_CD":"21"},"SD_NM":"부산광역시","SGG_NM":"부산광역시","SGG_CD":"21000","SD_CD":"21","beta":0.007625625,"beta_L":0.005449375,"beta_U":0.009781875,"2012_1":25,"2012_2":29,"2012_3":23,"2012_4":24,"2012_5":29,"2012_6":15,"2012_7":17,"2012_8":4,"2012_9":16,"2012_10":16,"2012_11":27,"2012_12":25,"2013_1":36,"2013_2":26,"2013_3":38,"2013_4":24,"2013_5":34,"2013_6":24,"2013_7":17,"2013_8":18,"2013_9":12,"2013_10":16,"2013_11":20,"2013_12":28,"2014_1":29,"2014_2":16,"2014_3":11,"2014_4":9,"2014_5":13,"2014_6":9,"2014_7":9,"2014_8":2,"2014_9":4,"2014_10":4,"2014_11":10,"2014_12":8,"2015_1":20,"2015_2":29,"2015_3":11,"2015_4":4,"2015_5":23,"2015_6":17,"2015_7":7,"2015_8":12,"2015_9":5,"2015_10":14,"2015_11":11,"2015_12":12,"1mth_avg":22,"2mth_avg":19,"3mth_avg":17,"4mth_avg":10,"5mth_avg":19,"6mth_avg":12,"7mth_avg":8,"8mth_avg":6,"9mth_avg":5,"10mth_avg":6,"11mth_avg":12,"12mth_avg":12}
{"_id":{"SD_CD":"22"},"SD_NM":"대구광역시","SGG_NM":"대구광역시","SGG_CD":"22000","SD_CD":"22","beta":0.00460625,"beta_L":0.00265625,"beta_U":0.0065325,"2012_1":16,"2012_2":15,"2012_3":13,"2012_4":14,"2012_5":14,"2012_6":8,"2012_7":8,"2012_8":2,"2012_9":9,"2012_10":11,"2012_11":16,"2012_12":17,"2013_1":24,"2013_2":16,"2013_3":18,"2013_4":12,"2013_5":15,"2013_6":13,"2013_7":6,"2013_8":11,"2013_9":8,"2013_10":8,"2013_11":11,"2013_12":15,"2014_1":16,"2014_2":11,"2014_3":10,"2014_4":13,"2014_5":14,"2014_6":6,"2014_7":6,"2014_8":2,"2014_9":6,"2014_10":6,"2014_11":10,"2014_12":8,"2015_1":16,"2015_2":17,"2015_3":7,"2015_4":2,"2015_5":11,"2015_6":10,"2015_7":4,"2015_8":6,"2015_9":4,"2015_10":9,"2015_11":8,"2015_12":8,"1mth_avg":16,"2mth_avg":13,"3mth_avg":9,"4mth_avg":7,"5mth_avg":12,"6mth_avg":7,"7mth_avg":4,"8mth_avg":3,"9mth_avg":4,"10mth_avg":7,"11mth_avg":9,"12mth_avg":10}
{"_id":{"SD_CD":"23"},"SD_NM":"인천광역시","SGG_NM":"인천광역시","SGG_CD":"23000","SD_CD":"23","beta":0.005497,"beta_L":0.0024909999999999997,"beta_U":0.008463,"2012_1":19,"2012_2":14,"2012_3":12,"2012_4":12,"2012_5":12,"2012_6":8,"2012_7":3,"2012_8":2,"2012_9":5,"2012_10":7,"2012_11":12,"2012_12":14,"2013_1":21,"2013_2":13,"2013_3":12,"2013_4":12,"2013_5":22,"2013_6":20,"2013_7":12,"2013_8":12,"2013_9":12,"2013_10":12,"2013_11":17,"2013_12":26,"2014_1":12,"2014_2":10,"2014_3":8,"2014_4":11,"2014_5":7,"2014_6":7,"2014_7":7,"2014_8":3,"2014_9":3,"2014_10":7,"2014_11":8,"2014_12":7,"2015_1":12,"2015_2":18,"2015_3":5,"2015_4":7,"2015_5":8,"2015_6":7,"2015_7":3,"2015_8":7,"2015_9":3,"2015_10":11,"2015_11":8,"2015_12":8,"1mth_avg":14,"2mth_avg":12,"3mth_avg":7,"4mth_avg":8,"5mth_avg":10,"6mth_avg":8,"7mth_avg":4,"8mth_avg":4,"9mth_avg":4,"10mth_avg":7,"11mth_avg":9,"12mth_avg":11}
{"_id":{"SD_CD":"24"},"SD_NM":"광주광역시","SGG_NM":"광주광역시","SGG_CD":"24000","SD_CD":"24","beta":0.001058,"beta_L":-0.0015699999999999998,"beta_U":0.0036500000000000005,"2012_1":3,"2012_2":1,"2012_3":1,"2012_4":1,"2012_5":4,"2012_6":1,"2012_7":0,"2012_8":0,"2012_9":1,"2012_10":1,"2012_11":1,"2012_12":2,"2013_1":4,"2013_2":1,"2013_3":4,"2013_4":1,"2013_5":4,"2013_6":2,"2013_7":1,"2013_8":1,"2013_9":1,"2013_10":1,"2013_11":1,"2013_12":1,"2014_1":1,"2014_2":1,"2014_3":1,"2014_4":1,"2014_5":1,"2014_6":1,"2014_7":0,"2014_8":0,"2014_9":1,"2014_10":1,"2014_11":1,"2014_12":0,"2015_1":1,"2015_2":1,"2015_3":0,"2015_4":1,"2015_5":1,"2015_6":1,"2015_7":0,"2015_8":1,"2015_9":0,"2015_10":1,"2015_11":0,"2015_12":0,"1mth_avg":1,"2mth_avg":1,"3mth_avg":1,"4mth_avg":1,"5mth_avg":1,"6mth_avg":1,"7mth_avg":0,"8mth_avg":0,"9mth_avg":0,"10mth_avg":1,"11mth_avg":0,"12mth_avg":0}
{"_id":{"SD_CD":"25"},"SD_NM":"대전광역시","SGG_NM":"대전광역시","SGG_CD":"25000","SD_CD":"25","beta":0.00018999999999999993,"beta_L":-0.00205,"beta_U":0.002412,"2012_1":0,"2012_2":0,"2012_3":0,"2012_4":0,"2012_5":0,"2012_6":0,"2012_7":0,"2012_8":0,"2012_9":0,"2012_10":0,"2012_11":0,"2012_12":0,"2013_1":0,"2013_2":0,"2013_3":0,"2013_4":0,"2013_5":0,"2013_6":0,"2013_7":0,"2013_8":0,"2013_9":0,"2013_10":0,"2013_11":0,"2013_12":0,"2014_1":0,"2014_2":0,"2014_3":0,"2014_4":0,"2014_5":0,"2014_6":0,"2014_7":0,"2014_8":0,"2014_9":0,"2014_10":0,"2014_11":0,"2014_12":0,"2015_1":0,"2015_2":0,"2015_3":0,"2015_4":0,"2015_5":0,"2015_6":0,"2015_7":0,"2015_8":0,"2015_9":0,"2015_10":0,"2015_11":0,"2015_12":0,"1mth_avg":0,"2mth_avg":0,"3mth_avg":0,"4mth_avg":0,"5mth_avg":0,"6mth_avg":0,"7mth_avg":0,"8mth_avg":0,"9mth_avg":0,"10mth_avg":0,"11mth_avg":0,"12mth_avg":0}
{"_id":{"SD_CD":"26"},"SD_NM":"울산광역시","SGG_NM":"울산광역시","SGG_CD":"26000","SD_CD":"26","beta":0.008448,"beta_L":0.006188,"beta_U":0.010712,"2012_1":5,"2012_2":7,"2012_3":5,"2012_4":5,"2012_5":6,"2012_6":5,"2012_7":5,"2012_8":0,"2012_9":5,"2012_10":5,"2012_11":5,"2012_12":5,"2013_1":6,"2013_2":5,"2013_3":7,"2013_4":5,"2013_5":6,"2013_6":6,"2013_7":5,"2013_8":5,"2013_9":1,"2013_10":3,"2013_11":5,"2013_12":5,"2014_1":6,"2014_2":4,"2014_3":5,"2014_4":4,"2014_5":5,"2014_6":2,"2014_7":2,"2014_8":0,"2014_9":0,"2014_10":0,"2014_11":2,"2014_12":1,"2015_1":5,"2015_2":6,"2015_3":2,"2015_4":0,"2015_5":6,"2015_6":5,"2015_7":2,"2015_8":2,"2015_9":0,"2015_10":3,"2015_11":2,"2015_12":2,"1mth_avg":5,"2mth_avg":4,"3mth_avg":2,"4mth_avg":0,"5mth_avg":5,"6mth_avg":2,"7mth_avg":2,"8mth_avg":0,"9mth_avg":0,"10mth_avg":0,"11mth_avg":2,"12mth_avg":1}
{"_id":{"SD_CD":"29"},"SD_NM":"세종특별자치시","SGG_NM":"세종특별자치시","SGG_CD":"29000","SD_CD":"29","beta":0.00188,"beta_L":-0.00063,"beta_U":0.00432,"2012_1":0,"2012_2":0,"2012_3":0,"2012_4":0,"2012_5":0,"2012_6":0,"2012_7":0,"2012_8":0,"2012_9":0,"2012_10":0,"2012_11":0,"2012_12":0,"2013_1":0,"2013_2":0,"2013_3":0,"2013_4":0,"2013_5":0,"2013_6":0,"2013_7":0,"2013_8":0,"2013_9":0,"2013_10":0,"2013_11":0,"2013_12":0,"2014_1":0,"2014_2":0,"2014_3":0,"2014_4":0,"2014_5":0,"2014_6":0,"2014_7":0,"2014_8":0,"2014_9":0,"2014_10":0,"2014_11":0,"2014_12":0,"2015_1":0,"2015_2":0,"2015_3":0,"2015_4":0,"2015_5":0,"2015_6":0,"2015_7":0,"2015_8":0,"2015_9":0,"2015_10":0,"2015_11":0,"2015_12":0,"1mth_avg":0,"2mth_avg":0,"3mth_avg":0,"4mth_avg":0,"5mth_avg":0,"6mth_avg":0,"7mth_avg":0,"8mth_avg":0,"9mth_avg":0,"10mth_avg":0,"11mth_avg":0,"12mth_avg":0}
{"_id":{"SD_CD":"31"},"SD_NM":"경기도","SGG_NM":"경기도","SGG_CD":"31000","SD_CD":"31","beta":6.20454545454545e-05,"beta_L":-0.0025486363636363636,"beta_U":0.0026311363636363637,"2012_1":12,"2012_2":8,"2012_3":7,"2012_4":7,"2012_5":9,"2012_6":4,"2012_7":1,"2012_8":0,"2012_9":1,"2012_10":2,"2012_11":7,"2012_12":9,"2013_1":16,"2013_2":9,"2013_3":10,"2013_4":9,"2013_5":15,"2013_6":14,"2013_7":8,"2013_8":8,"2013_9":8,"2013_10":7,"2013_11":11,"2013_12":19,"2014_1":9,"2014_2":5,"2014_3":3,"2014_4":6,"2014_5":5,"2014_6":2,"2014_7":2,"2014_8":1,"2014_9":2,"2014_10":2,"2014_11":3,"2014_12":1,"2015_1":7,"2015_2":11,"2015_3":0,"2015_4":2,"2015_5":3,"2015_6":3,"2015_7":1,"2015_8":3,"2015_9":2,"2015_10":7,"2015_11":0,"2015_12":0,"1mth_avg":7,"2mth_avg":5,"3mth_avg":2,"4mth_avg":2,"5mth_avg":3,"6mth_avg":3,"7mth_avg":0,"8mth_avg":0,"9mth_avg":1,"10mth_avg":1,"11mth_avg":1,"12mth_avg":1}
{"_id":{"SD_CD":"32"},"SD_NM":"강원도","SGG_NM":"강원도","SGG_CD":"32000","SD_CD":"32","beta":-0.00048444444444444435,"beta_L":-0.005288888888888889,"beta_U":0.004125555555555556,"2012_1":3,"2012_2":2,"2012_3":2,"2012_4":2,"2012_5":2,