{"_id":{"SD_CD":"11"},"SD_NM":"서울특별시","SGG_NM":"서울특별시","SGG_CD":"11000","SD_CD":"11","beta":-0.0038864,"beta_L":-0.005082799999999999,"beta_U":-0.0026964,"2012_1":13,"2012_2":9,"2012_3":6,"2012_4":6,"2012_5":7,"2012_6":6,"2012_7":3,"2012_8":1,"2012_9":3,"2012_10":5,"2012_11":9,"2012_12":9,"2013_1":14,"2013_2":9,"2013_3":7,"2013_4":9,"2013_5":15,"2013_6":11,"2013_7":9,"2013_8":9,"2013_9":8,"2013_10":8,"2013_11":13,"2013_12":18,"2014_1":9,"2014_2":6,"2014_3":5,"2014_4":6,"2014_5":5,"2014_6":2,"2014_7":4,"2014_8":1,"2014_9":1,"2014_10":2,"2014_11":5,"2014_12":5,"2015_1":9,"2015_2":10,"2015_3":4,"2015_4":4,"2015_5":5,"2015_6":5,"2015_7":1,"2015_8":4,"2015_9":1,"2015_10":6,"2015_11":5,"2015_12":6,"1mth_avg":9,"2mth_avg":7,"3mth_avg":4,"4mth_avg":5,"5mth_avg":6,"6mth_avg":5,"7mth_avg":4,"8mth_avg":2,"9mth_avg":1,"10mth_avg":4,"11mth_avg":6,"12mth_avg":9}
{"_id":{"SD_CD":"21"},"SD_NM":"부산광역시","SGG_NM":"부산광역시","SGG_CD":"21000","SD_CD":"21","beta":0.00175125,"beta_L":0.0005762499999999999,"beta_U":0.002911875,"2012_1":33,"2012_2":35,"2012_3":31,"2012_4":31,"2012_5":37,"2012_6":16,"2012_7":20,"2012_8":6,"2012_9":17,"2012_10":22,"2012_11":33,"2012_12":34,"2013_1":42,"2013_2":33,"2013_3":43,"2013_4":32,"2013_5":41,"2013_6":33,"2013_7":23,"2013_8":25,"2013_9":14,"2013_10":16,"2013_11":27,"2013_12":36,"2014_1":37,"2014_2":21,"2014_3":15,"2014_4":10,"2014_5":16,"2014_6":10,"2014_7":11,"2014_8":4,"2014_9":5,"2014_10":6,"2014_11":10,"2014_12":10,"2015_1":28,"2015_2":35,"2015_3":12,"2015_4":5,"2015_5":31,"2015_6":22,"2015_7":10,"2015_8":13,"2015_9":8,"2015_10":15,"2015_11":11,"2015_12":14,"1mth_avg":32,"2mth_avg":26,"3mth_avg":19,"4mth_avg":15,"5mth_avg":26,"6mth_avg":15,"7mth_avg":13,"8mth_avg":9,"9mth_avg":9,"10mth_avg":10,"11mth_avg":15,"12mth_avg":18}
{"_id":{"SD_CD":"22"},"SD_NM":"대구광역시","SGG_NM":"대구광역시","SGG_CD":"22000","SD_CD":"22","beta":0.001785,"beta_L":0.0007875,"beta_U":0.0027825000000000003,"2012_1":29,"2012_2":28,"2012_3":23,"2012_4":26,"2012_5":24,"2012_6":14,"2012_7":16,"2012_8":8,"2012_9":16,"2012_10":18,"2012_11":29,"2012_12":32,"2013_1":42,"2013_2":28,"2013_3":34,"2013_4":22,"2013_5":28,"2013_6":23,"2013_7":12,"2013_8":18,"2013_9":14,"2013_10":16,"2013_11":21,"2013_12":27,"2014_1":29,"2014_2":20,"2014_3":17,"2014_4":23,"2014_5":25,"2014_6":13,"2014_7":9,"2014_8":5,"2014_9":11,"2014_10":14,"2014_11":19,"2014_12":15,"2015_1":28,"2015_2":31,"2015_3":13,"2015_4":4,"2015_5":20,"2015_6":18,"2015_7":9,"2015_8":10,"2015_9":9,"2015_10":15,"2015_11":15,"2015_12":15,"1mth_avg":30,"2mth_avg":24,"3mth_avg":20,"4mth_avg":16,"5mth_avg":22,"6mth_avg":15,"7mth_avg":10,"8mth_avg":8,"9mth_avg":10,"10mth_avg":15,"11mth_avg":20,"12mth_avg":20}
{"_id":{"SD_CD":"23"},"SD_NM":"인천광역시","SGG_NM":"인천광역시","SGG_CD":"23000","SD_CD":"23","beta":0.002308,"beta_L":0.000796,"beta_U":0.0038269999999999997,"2012_1":55,"2012_2":42,"2012_3":32,"2012_4":31,"2012_5":36,"2012_6":24,"2012_7":13,"2012_8":9,"2012_9":16,"2012_10":19,"2012_11":33,"2012_12":44,"2013_1":65,"2013_2":40,"2013_3":39,"2013_4":36,"2013_5":70,"2013_6":60,"2013_7":35,"2013_8":40,"2013_9":36,"2013_10":36,"2013_11":54,"2013_12":75,"2014_1":34,"2014_2":29,"2014_3":25,"2014_4":30,"2014_5":21,"2014_6":17,"2014_7":19,"2014_8":12,"2014_9":12,"2014_10":17,"2014_11":25,"2014_12":18,"2015_1":34,"2015_2":51,"2015_3":18,"2015_4":19,"2015_5":25,"2015_6":23,"2015_7":12,"2015_8":20,"2015_9":12,"2015_10":31,"2015_11":21,"2015_12":21,"1mth_avg":45,"2mth_avg":37,"3mth_avg":26,"4mth_avg":27,"5mth_avg":35,"6mth_avg":28,"7mth_avg":17,"8mth_avg":18,"9mth_avg":16,"10mth_avg":24,"11mth_avg":32,"12mth_avg":37}
{"_id":{"SD_CD":"24"},"SD_NM":"광주광역시","SGG_NM":"광주광역시","SGG_CD":"24000","SD_CD":"24","beta":0.002394,"beta_L":0.0011560000000000001,"beta_U":0.003608,"2012_1":22,"2012_2":19,"2012_3":18,"2012_4":16,"2012_5":23,"2012_6":10,"2012_7":5,"2012_8":5,"2012_9":13,"2012_10":13,"2012_11":17,"2012_12":18,"2013_1":26,"2013_2":17,"2013_3":24,"2013_4":17,"2013_5":24,"2013_6":18,"2013_7":9,"2013_8":9,"2013_9":13,"2013_10":13,"2013_11":13,"2013_12":17,"2014_1":19,"2014_2":16,"2014_3":11,"2014_4":12,"2014_5":16,"2014_6":10,"2014_7":4,"2014_8":5,"2014_9":10,"2014_10":9,"2014_11":10,"2014_12":7,"2015_1":15,"2015_2":20,"2015_3":1,"2015_4":7,"2015_5":11,"2015_6":10,"2015_7":4,"2015_8":7,"2015_9":7,"2015_10":16,"2015_11":2,"2015_12":3,"1mth_avg":19,"2mth_avg":16,"3mth_avg":12,"4mth_avg":12,"5mth_avg":17,"6mth_avg":11,"7mth_avg":4,"8mth_avg":6,"9mth_avg":9,"10mth_avg":11,"11mth_avg":9,"12mth_avg":10}
{"_id":{"SD_CD":"25"},"SD_NM":"대전광역시","SGG_NM":"대전광역시","SGG_CD":"25000","SD_CD":"25","beta":0.00159,"beta_L":0.000492,"beta_U":0.002672,"2012_1":10,"2012_2":10,"2012_3":10,"2012_4":10,"2012_5":10,"2012_6":6,"2012_7":5,"2012_8":1,"2012_9":6,"2012_10":6,"2012_11":10,"2012_12":10,"2013_1":14,"2013_2":10,"2013_3":10,"2013_4":10,"2013_5":10,"2013_6":10,"2013_7":5,"2013_8":5,"2013_9":6,"2013_10":6,"2013_11":6,"2013_12":10,"2014_1":10,"2014_2":9,"2014_3":6,"2014_4":6,"2014_5":8,"2014_6":5,"2014_7":4,"2014_8":1,"2014_9":4,"2014_10":4,"2014_11":6,"2014_12":5,"2015_1":10,"2015_2":11,"2015_3":0,"2015_4":3,"2015_5":7,"2015_6":6,"2015_7":3,"2015_8":4,"2015_9":4,"2015_10":9,"2015_11":0,"2015_12":0,"1mth_avg":10,"2mth_avg":9,"3mth_avg":5,"4mth_avg":5,"5mth_avg":7,"6mth_avg":6,"7mth_avg":3,"8mth_avg":1,"9mth_avg":4,"10mth_avg":5,"11mth_avg":4,"12mth_avg":4}
{"_id":{"SD_CD":"26"},"SD_NM":"울산광역시","SGG_NM":"울산광역시","SGG_CD":"26000","SD_CD":"26","beta":0.006116,"beta_L":0.004928,"beta_U":0.007288,"2012_1":17,"2012_2":21,"2012_3":17,"2012_4":19,"2012_5":21,"2012_6":12,"2012_7":17,"2012_8":5,"2012_9":12,"2012_10":12,"2012_11":17,"2012_12":17,"2013_1":23,"2013_2":17,"2013_3":23,"2013_4":13,"2013_5":23,"2013_6":19,"2013_7":12,"2013_8":17,"2013_9":7,"2013_10":9,"2013_11":12,"2013_12":17,"2014_1":18,"2014_2":12,"2014_3":10,"2014_4":10,"2014_5":12,"2014_6":6,"2014_7":7,"2014_8":1,"2014_9":3,"2014_10":6,"2014_11":8,"2014_12":6,"2015_1":14,"2015_2":20,"2015_3":9,"2015_4":5,"2015_5":18,"2015_6":14,"2015_7":8,"2015_8":8,"2015_9":5,"2015_10":9,"2015_11":7,"2015_12":8,"1mth_avg":17,"2mth_avg":15,"3mth_avg":12,"4mth_avg":10,"5mth_avg":17,"6mth_avg":12,"7mth_avg":8,"8mth_avg":6,"9mth_avg":6,"10mth_avg":7,"11mth_avg":8,"12mth_avg":11}
{"_id":{"SD_CD":"29"},"SD_NM":"세종특별자치시","SGG_NM":"세종특별자치시","SGG_CD":"29000","SD_CD":"29","beta":0.00335,"beta_L":0.00217,"beta_U":0.00451,"2012_1":1,"2012_2":1,"2012_3":1,"2012_4":1,"2012_5":1,"2012_6":1,"2012_7":0,"2012_8":0,"2012_9":1,"2012_10":1,"2012_11":1,"2012_12":1,"2013_1":2,"2013_2":1,"2013_3":1,"2013_4":1,"2013_5":1,"2013_6":1,"2013_7":1,"2013_8":1,"2013_9":1,"2013_10":1,"2013_11":1,"2013_12":1,"2014_1":1,"2014_2":1,"2014_3":1,"2014_4":1,"2014_5":1,"2014_6":1,"2014_7":0,"2014_8":0,"2014_9":0,"2014_10":1,"2014_11":1,"2014_12":1,"2015_1":2,"2015_2":2,"2015_3":0,"2015_4":1,"2015_5":1,"2015_6":1,"2015_7":1,"2015_8":1,"2015_9":1,"2015_10":1,"2015_11":0,"2015_12":0,"1mth_avg":1,"2mth_avg":1,"3mth_avg":0,"4mth_avg":1,"5mth_avg":1,"6mth_avg":1,"7mth_avg":0,"8mth_avg":0,"9mth_avg":0,"10mth_avg":1,"11mth_avg":0,"12mth_avg":0}
{"_id":{"SD_CD":"31"},"SD_NM":"경기도","SGG_NM":"경기도","SGG_CD":"31000","SD_CD":"31","beta":0.0008104545454545454,"beta_L":-0.00046522727272727275,"beta_U":0.0020725,"2012_1":85,"2012_2":61,"2012_3":55,"2012_4":54,"2012_5":60,"2012_6":42,"2012_7":24,"2012_8":12,"2012_9":28,"2012_10":32,"2012_11":59,"2012_12":75,"2013_1":107,"2013_2":63,"2013_3":67,"2013_4":68,"2013_5":111,"2013_6":93,"2013_7":55,"2013_8":66,"2013_9":54,"2013_10":55,"2013_11":82,"2013_12":119,"2014_1":62,"2014_2":49,"2014_3":38,"2014_4":42,"2014_5":39,"2014_6":25,"2014_7":26,"2014_8":19,"2014_9":21,"2014_10":26,"2014_11":34,"2014_12":29,"2015_1":56,"2015_2":78,"2015_3":12,"2015_4":27,"2015_5":37,"2015_6":38,"2015_7":19,"2015_8":33,"2015_9":22,"2015_10":48,"2015_11":17,"2015_12":20,"1mth_avg":66,"2mth_avg":53,"3mth_avg":31,"4mth_avg":36,"5mth_avg":51,"6mth_avg":39,"7mth_avg":23,"8mth_avg":25,"9mth_avg":25,"10mth_avg":30,"11mth_avg":38,"12mth_avg":47}
{"_id":{"SD_CD":"32"},"SD_NM":"강원도",