{"_id":4.0,"SD_NM":"경기도","SD_CD":"31","SGG_NM":"경기북부","SGG_CD":"31_경기북부","2015_1":3.0772727272727276,"2015_2":4.852727272727273,"2015_3":1.56,"2015_4":2.882727272727273,"2015_5":2.5354545454545456,"2015_6":1.7827272727272727,"2015_7":1.169090909090909,"2015_8":1.5199999999999998,"2015_9":1.4036363636363636,"2015_10":2.3845454545454547,"2015_11":1.029090909090909,"2015_12":1.4445454545454546}
