{"_id":3.0,"SD_NM":"경기도","SD_CD":"31","SGG_NM":"경기남부","SGG_CD":"31_경기남부","2015_1":7.5683870967741935,"2015_2":12.34741935483871,"2015_3":3.4503225806451616,"2015_4":7.214193548387097,"2015_5":6.833225806451613,"2015_6":5.143225806451613,"2015_7":3.3648387096774193,"2015_8":4.338709677419355,"2015_9":4.017741935483872,"2015_10":7.501612903225807,"2015_11":2.6477419354838707,"2015_12":3.0567741935483874}
