{"_id":2.0,"SD_NM":"서울특별시","SD_CD":"11","SGG_NM":"강북","SGG_CD":"11_강북","2015_1":0.14357142857142854,"2015_2":0.25357142857142856,"2015_3":0.08,"2015_4":0.13285714285714287,"2015_5":0.1207142857142857,"2015_6":0.08857142857142856,"2015_7":0.05714285714285715,"2015_8":0.07428571428571429,"2015_9":0.065,"2015_10":0.12142857142857143,"2015_11":0.06,"2015_12":0.07357142857142858}
