{"_id":1.0,"SD_NM":"서울특별시","SD_CD":"11","SGG_NM":"강남","SGG_CD":"11_강남","2015_1":1.0981818181818181,"2015_2":1.8154545454545454,"2015_3":0.7581818181818182,"2015_4":1.0954545454545455,"2015_5":0.9709090909090908,"2015_6":0.7318181818181819,"2015_7":0.4727272727272727,"2015_8":0.63,"2015_9":0.5772727272727273,"2015_10":1.0172727272727273,"2015_11":0.5945454545454546,"2015_12":0.6718181818181818}
