{"_id":2.0,"SD_NM":"서울특별시","SD_CD":"11","SGG_NM":"강북","SGG_CD":"11_강북","2012_1":0.42857142857142855,"2012_2":0.2857142857142857,"2012_3":0.14285714285714285,"2012_4":0.14285714285714285,"2012_5":0.21428571428571427,"2012_6":0.14285714285714285,"2012_7":0.14285714285714285,"2012_8":0.0,"2012_9":0.14285714285714285,"2012_10":0.42857142857142855,"2012_11":0.2857142857142857,"2012_12":0.2857142857142857,"2013_1":0.42857142857142855,"2013_2":0.2857142857142857,"2013_3":0.21428571428571427,"2013_4":0.2857142857142857,"2013_5":0.42857142857142855,"2013_6":0.2857142857142857,"2013_7":0.2857142857142857,"2013_8":0.2857142857142857,"2013_9":0.2857142857142857,"2013_10":0.2857142857142857,"2013_11":0.42857142857142855,"2013_12":0.5714285714285714,"2014_1":0.2857142857142857,"2014_2":0.14285714285714285,"2014_3":0.14285714285714285,"2014_4":0.14285714285714285,"2014_5":0.14285714285714285,"2014_6":0.07142857142857142,"2014_7":0.14285714285714285,"2014_8":0.0,"2014_9":0.0,"2014_10":0.07142857142857142,"2014_11":0.14285714285714285,"2014_12":0.14285714285714285,"2015_1":0.2857142857142857,"2015_2":0.2857142857142857,"2015_3":0.14285714285714285,"2015_4":0.14285714285714285,"2015_5":0.14285714285714285,"2015_6":0.14285714285714285,"2015_7":0.0,"2015_8":0.14285714285714285,"2015_9":0.0,"2015_10":0.14285714285714285,"2015_11":0.14285714285714285,"2015_12":0.14285714285714285,"1mth_avg":0.2857142857142857,"2mth_avg":0.14285714285714285,"3mth_avg":0.14285714285714285,"4mth_avg":0.14285714285714285,"5mth_avg":0.14285714285714285,"6mth_avg":0.14285714285714285,"7mth_avg":0.14285714285714285,"8mth_avg":0.0,"9mth_avg":0.0,"10mth_avg":0.14285714285714285,"11mth_avg":0.14285714285714285,"12mth_avg":0.2857142857142857}
