{"_id":4.0,"SD_NM":"경기도","SD_CD":"31","SGG_NM":"경기북부","SGG_CD":"31_경기북부","2012_1":48.83818181818182,"2012_2":36.07636363636364,"2012_3":32.016363636363636,"2012_4":29.635454545454547,"2012_5":31.50181818181818,"2012_6":26.286363636363635,"2012_7":18.736363636363635,"2012_8":14.357272727272727,"2012_9":20.485454545454544,"2012_10":48.83818181818182,"2012_11":33.13454545454545,"2012_12":40.82090909090909,"2013_1":49.06818181818182,"2013_2":32.552727272727275,"2013_3":31.546363636363637,"2013_4":33.27727272727273,"2013_5":49.76454545454545,"2013_6":42.32181818181818,"2013_7":33.377272727272725,"2013_8":35.36181818181819,"2013_9":30.48909090909091,"2013_10":31.719090909090905,"2013_11":41.347272727272724,"2013_12":57.29363636363637,"2014_1":28.730909090909094,"2014_2":24.784545454545455,"2014_3":21.435454545454544,"2014_4":21.744545454545456,"2014_5":20.403636363636362,"2014_6":15.036363636363637,"2014_7":17.138181818181817,"2014_8":14.788181818181819,"2014_9":15.107272727272727,"2014_10":16.171818181818182,"2014_11":20.424545454545452,"2014_12":19.151818181818182,"2015_1":32.338181818181816,"2015_2":38.68454545454545,"2015_3":16.88,"2015_4":19.784545454545455,"2015_5":23.181818181818183,"2015_6":21.36,"2015_7":15.285454545454543,"2015_8":19.547272727272727,"2015_9":16.915454545454544,"2015_10":25.14636363636364,"2015_11":17.854545454545455,"2015_12":20.41181818181818,"1mth_avg":40.597272727272724,"2mth_avg":33.71181818181818,"3mth_avg":26.071818181818184,"4mth_avg":27.572727272727274,"5mth_avg":33.06818181818182,"6mth_avg":27.94909090909091,"7mth_avg":22.44909090909091,"8mth_avg":22.286363636363635,"9mth_avg":22.086363636363636,"10mth_avg":25.90818181818182,"11mth_avg":28.744545454545456,"12mth_avg":34.28545454545454}
