{"_id":3.0,"SD_NM":"경기도","SD_CD":"31","SGG_NM":"경기남부","SGG_CD":"31_경기남부","2012_1":39.85387096774193,"2012_2":32.59451612903226,"2012_3":29.65967741935484,"2012_4":31.589354838709678,"2012_5":32.726451612903226,"2012_6":27.60516129032258,"2012_7":20.528387096774193,"2012_8":16.13741935483871,"2012_9":22.328387096774193,"2012_10":39.85387096774193,"2012_11":32.71806451612903,"2012_12":37.98870967741936,"2013_1":47.67322580645162,"2013_2":33.01870967741936,"2013_3":34.546451612903226,"2013_4":35.29322580645161,"2013_5":48.17322580645161,"2013_6":42.57806451612903,"2013_7":30.799032258064514,"2013_8":33.01096774193549,"2013_9":29.05258064516129,"2013_10":29.751612903225805,"2013_11":39.39774193548387,"2013_12":51.306451612903224,"2014_1":34.41451612903226,"2014_2":28.87483870967742,"2014_3":25.79290322580645,"2014_4":27.92806451612903,"2014_5":26.786451612903225,"2014_6":20.498064516129034,"2014_7":20.899354838709677,"2014_8":18.296451612903226,"2014_9":19.84193548387097,"2014_10":21.877096774193546,"2014_11":24.556129032258063,"2014_12":21.280967741935484,"2015_1":30.498709677419356,"2015_2":36.29290322580645,"2015_3":14.567419354838709,"2015_4":20.76516129032258,"2015_5":25.221612903225807,"2015_6":25.006774193548388,"2015_7":18.408709677419353,"2015_8":22.543870967741935,"2015_9":19.326451612903227,"2015_10":28.594516129032257,"2015_11":16.511290322580646,"2015_12":17.26516129032258,"1mth_avg":37.44483870967742,"2mth_avg":32.19548387096774,"3mth_avg":25.869032258064518,"4mth_avg":28.145806451612902,"5mth_avg":32.19451612903226,"6mth_avg":28.052258064516128,"7mth_avg":22.001612903225805,"8mth_avg":21.851612903225806,"9mth_avg":21.92032258064516,"10mth_avg":25.100322580645162,"11mth_avg":28.032258064516128,"12mth_avg":32.00967741935484}
