{"_id":{"SD_CD":"11"},"SD_NM":"서울특별시","SGG_NM":"서울특별시","SGG_CD":"11000","SD_CD":"11","beta":-0.003922,"beta_L":-0.006,"beta_U":-0.002,"2012_1":4,"2012_2":2,"2012_3":1,"2012_4":1,"2012_5":1,"2012_6":1,"2012_7":1,"2012_8":0,"2012_9":1,"2012_10":1,"2012_11":2,"2012_12":4,"2013_1":5,"2013_2":2,"2013_3":2,"2013_4":2,"2013_5":5,"2013_6":5,"2013_7":2,"2013_8":2,"2013_9":1,"2013_10":1,"2013_11":4,"2013_12":5,"2014_1":2,"2014_2":1,"2014_3":1,"2014_4":1,"2014_5":1,"2014_6":1,"2014_7":1,"2014_8":0,"2014_9":0,"2014_10":1,"2014_11":1,"2014_12":1,"2015_1":2,"2015_2":3,"2015_3":1,"2015_4":1,"2015_5":1,"2015_6":1,"2015_7":0,"2015_8":1,"2015_9":1,"2015_10":1,"2015_11":1,"2015_12":1,"1mth_avg":2,"2mth_avg":1,"3mth_avg":1,"4mth_avg":1,"5mth_avg":1,"6mth_avg":1,"7mth_avg":1,"8mth_avg":0,"9mth_avg":0,"10mth_avg":1,"11mth_avg":1,"12mth_avg":0}
{"_id":{"SD_CD":"21"},"SD_NM":"부산광역시","SGG_NM":"부산광역시","SGG_CD":"21000","SD_CD":"21","beta":0.001873125,"beta_L":0.0,"beta_U":0.003125,"2012_1":10,"2012_2":11,"2012_3":9,"2012_4":10,"2012_5":10,"2012_6":5,"2012_7":5,"2012_8":2,"2012_9":5,"2012_10":5,"2012_11":10,"2012_12":10,"2013_1":14,"2013_2":10,"2013_3":14,"2013_4":9,"2013_5":13,"2013_6":10,"2013_7":6,"2013_8":9,"2013_9":5,"2013_10":5,"2013_11":9,"2013_12":10,"2014_1":11,"2014_2":7,"2014_3":5,"2014_4":4,"2014_5":5,"2014_6":4,"2014_7":4,"2014_8":0,"2014_9":2,"2014_10":2,"2014_11":4,"2014_12":4,"2015_1":8,"2015_2":12,"2015_3":5,"2015_4":2,"2015_5":9,"2015_6":7,"2015_7":3,"2015_8":5,"2015_9":3,"2015_10":5,"2015_11":4,"2015_12":5,"1mth_avg":8,"2mth_avg":7,"3mth_avg":5,"4mth_avg":4,"5mth_avg":7,"6mth_avg":4,"7mth_avg":3,"8mth_avg":2,"9mth_avg":2,"10mth_avg":2,"11mth_avg":4,"12mth_avg":0}
{"_id":{"SD_CD":"22"},"SD_NM":"대구광역시","SGG_NM":"대구광역시","SGG_CD":"22000","SD_CD":"22","beta":0.0014025,"beta_L":0.0,"beta_U":0.00125,"2012_1":10,"2012_2":10,"2012_3":8,"2012_4":8,"2012_5":8,"2012_6":5,"2012_7":6,"2012_8":1,"2012_9":6,"2012_10":6,"2012_11":10,"2012_12":12,"2013_1":14,"2013_2":10,"2013_3":13,"2013_4":8,"2013_5":10,"2013_6":8,"2013_7":5,"2013_8":6,"2013_9":6,"2013_10":6,"2013_11":7,"2013_12":10,"2014_1":10,"2014_2":6,"2014_3":6,"2014_4":7,"2014_5":8,"2014_6":5,"2014_7":5,"2014_8":1,"2014_9":5,"2014_10":5,"2014_11":6,"2014_12":5,"2015_1":10,"2015_2":11,"2015_3":5,"2015_4":1,"2015_5":7,"2015_6":6,"2015_7":3,"2015_8":5,"2015_9":2,"2015_10":6,"2015_11":6,"2015_12":6,"1mth_avg":10,"2mth_avg":7,"3mth_avg":6,"4mth_avg":3,"5mth_avg":7,"6mth_avg":5,"7mth_avg":3,"8mth_avg":1,"9mth_avg":2,"10mth_avg":5,"11mth_avg":6,"12mth_avg":0}
{"_id":{"SD_CD":"23"},"SD_NM":"인천광역시","SGG_NM":"인천광역시","SGG_CD":"23000","SD_CD":"23","beta":0.001695,"beta_L":-0.001,"beta_U":0.004,"2012_1":16,"2012_2":11,"2012_3":10,"2012_4":10,"2012_5":10,"2012_6":7,"2012_7":3,"2012_8":2,"2012_9":4,"2012_10":6,"2012_11":10,"2012_12":12,"2013_1":19,"2013_2":11,"2013_3":10,"2013_4":10,"2013_5":20,"2013_6":17,"2013_7":10,"2013_8":10,"2013_9":10,"2013_10":10,"2013_11":15,"2013_12":22,"2014_1":10,"2014_2":9,"2014_3":8,"2014_4":9,"2014_5":7,"2014_6":5,"2014_7":6,"2014_8":3,"2014_9":3,"2014_10":5,"2014_11":7,"2014_12":4,"2015_1":10,"2015_2":14,"2015_3":4,"2015_4":7,"2015_5":7,"2015_6":7,"2015_7":3,"2015_8":7,"2015_9":3,"2015_10":9,"2015_11":7,"2015_12":7,"1mth_avg":11,"2mth_avg":11,"3mth_avg":5,"4mth_avg":7,"5mth_avg":10,"6mth_avg":7,"7mth_avg":3,"8mth_avg":3,"9mth_avg":3,"10mth_avg":5,"11mth_avg":8,"12mth_avg":0}
{"_id":{"SD_CD":"24"},"SD_NM":"광주광역시","SGG_NM":"광주광역시","SGG_CD":"24000","SD_CD":"24","beta":0.003336,"beta_L":0.0,"beta_U":0.004,"2012_1":10,"2012_2":8,"2012_3":8,"2012_4":8,"2012_5":10,"2012_6":4,"2012_7":2,"2012_8":2,"2012_9":5,"2012_10":5,"2012_11":7,"2012_12":8,"2013_1":11,"2013_2":8,"2013_3":10,"2013_4":7,"2013_5":10,"2013_6":7,"2013_7":4,"2013_8":3,"2013_9":5,"2013_10":5,"2013_11":5,"2013_12":8,"2014_1":8,"2014_2":8,"2014_3":4,"2014_4":5,"2014_5":8,"2014_6":4,"2014_7":2,"2014_8":3,"2014_9":4,"2014_10":4,"2014_11":4,"2014_12":3,"2015_1":6,"2015_2":8,"2015_3":0,"2015_4":3,"2015_5":4,"2015_6":4,"2015_7":2,"2015_8":3,"2015_9":3,"2015_10":8,"2015_11":1,"2015_12":1,"1mth_avg":7,"2mth_avg":8,"3mth_avg":4,"4mth_avg":4,"5mth_avg":6,"6mth_avg":4,"7mth_avg":2,"8mth_avg":2,"9mth_avg":3,"10mth_avg":4,"11mth_avg":3,"12mth_avg":0}
{"_id":{"SD_CD":"25"},"SD_NM":"대전광역시","SGG_NM":"대전광역시","SGG_CD":"25000","SD_CD":"25","beta":0.002006,"beta_L":0.0,"beta_U":0.002,"2012_1":5,"2012_2":4,"2012_3":4,"2012_4":4,"2012_5":5,"2012_6":2,"2012_7":2,"2012_8":0,"2012_9":2,"2012_10":2,"2012_11":4,"2012_12":5,"2013_1":7,"2013_2":4,"2013_3":5,"2013_4":4,"2013_5":5,"2013_6":4,"2013_7":2,"2013_8":2,"2013_9":2,"2013_10":2,"2013_11":2,"2013_12":4,"2014_1":5,"2014_2":3,"2014_3":2,"2014_4":2,"2014_5":3,"2014_6":2,"2014_7":1,"2014_8":0,"2014_9":1,"2014_10":2,"2014_11":2,"2014_12":2,"2015_1":4,"2015_2":6,"2015_3":0,"2015_4":1,"2015_5":2,"2015_6":2,"2015_7":1,"2015_8":2,"2015_9":1,"2015_10":3,"2015_11":0,"2015_12":0,"1mth_avg":4,"2mth_avg":3,"3mth_avg":1,"4mth_avg":1,"5mth_avg":2,"6mth_avg":2,"7mth_avg":1,"8mth_avg":0,"9mth_avg":1,"10mth_avg":2,"11mth_avg":1,"12mth_avg":0}
{"_id":{"SD_CD":"26"},"SD_NM":"울산광역시","SGG_NM":"울산광역시","SGG_CD":"26000","SD_CD":"26","beta":0.007886,"beta_L":0.004,"beta_U":0.01,"2012_1":9,"2012_2":10,"2012_3":7,"2012_4":10,"2012_5":10,"2012_6":6,"2012_7":8,"2012_8":3,"2012_9":6,"2012_10":6,"2012_11":8,"2012_12":7,"2013_1":11,"2013_2":9,"2013_3":12,"2013_4":7,"2013_5":11,"2013_6":10,"2013_7":7,"2013_8":8,"2013_9":5,"2013_10":5,"2013_11":6,"2013_12":9,"2014_1":10,"2014_2":6,"2014_3":6,"2014_4":6,"2014_5":6,"2014_6":5,"2014_7":5,"2014_8":0,"2014_9":1,"2014_10":1,"2014_11":5,"2014_12":4,"2015_1":6,"2015_2":10,"2015_3":6,"2015_4":1,"2015_5":10,"2015_6":6,"2015_7":5,"2015_8":5,"2015_9":1,"2015_10":6,"2015_11":5,"2015_12":5,"1mth_avg":7,"2mth_avg":6,"3mth_avg":6,"4mth_avg":5,"5mth_avg":7,"6mth_avg":6,"7mth_avg":5,"8mth_avg":2,"9mth_avg":1,"10mth_avg":1,"11mth_avg":5,"12mth_avg":0}
{"_id":{"SD_CD":"29"},"SD_NM":"세종특별자치시","SGG_NM":"세종특별자치시","SGG_CD":"29000","SD_CD":"29","beta":0.00226,"beta_L":0.0,"beta_U":0.0,"2012_1":0,"2012_2":0,"2012_3":0,"2012_4":0,"2012_5":0,"2012_6":0,"2012_7":0,"2012_8":0,"2012_9":0,"2012_10":0,"2012_11":0,"2012_12":0,"2013_1":0,"2013_2":0,"2013_3":0,"2013_4":0,"2013_5":0,"2013_6":0,"2013_7":0,"2013_8":0,"2013_9":0,"2013_10":0,"2013_11":0,"2013_12":0,"2014_1":0,"2014_2":0,"2014_3":0,"2014_4":0,"2014_5":0,"2014_6":0,"2014_7":0,"2014_8":0,"2014_9":0,"2014_10":0,"2014_11":0,"2014_12":0,"2015_1":0,"2015_2":0,"2015_3":0,"2015_4":0,"2015_5":0,"2015_6":0,"2015_7":0,"2015_8":0,"2015_9":0,"2015_10":0,"2015_11":0,"2015_12":0,"1mth_avg":0,"2mth_avg":0,"3mth_avg":0,"4mth_avg":0,"5mth_avg":0,"6mth_avg":0,"7mth_avg":0,"8mth_avg":0,"9mth_avg":0,"10mth_avg":0,"11mth_avg":0,"12mth_avg":0}
{"_id":{"SD_CD":"31"},"SD_NM":"경기도","SGG_NM":"경기도","SGG_CD":"31000","SD_CD":"31","beta":0.0009547727272727273,"beta_L":-0.0006818181818181818,"beta_U":0.0013636363636363635,"2012_1":22,"2012_2":18,"2012_3":13,"2012_4":15,"2012_5":16,"2012_6":12,"2012_7":4,"2012_8":1,"2012_9":7,"2012_10":7,"2012_11":16,"2012_12":21,"2013_1":26,"2013_2":18,"2013_3":19,"2013_4":20,"2013_5":28,"2013_6":23,"2013_7":16,"2013_8":17,"2013_9":16,"2013_10":16,"2013_11":22,"2013_12":33,"2014_1":18,"2014_2":13,"2014_3":8,"2014_4":11,"2014_5":9,"2014_6":5,"2014_7":5,"2014_8":3,"2014_9":3,"2014_10":7,"2014_11":8,"2014_12":4,"2015_1":16,"2015_2":20,"2015_3":1,"2015_4":5,"2015_5":9,"2015_6":9,"2015_7":3,"2015_8":5,"2015_9":4,"2015_10":12,"2015_11":2,"2015_12":3,"1mth_avg":15,"2mth_avg":12,"3mth_avg":3,"4mth_avg":5,"5mth_avg":8,"6mth_avg":6,"7mth_avg":3,"8mth_avg":2,"9mth_avg":4,"10mth_avg":6,"11mth_avg":4,"12mth_avg":0}
{"_id":{"SD_CD":"32"},"SD_NM":"강원도","SGG_NM":"강원도","SGG_CD":"32000","SD_CD":"32","beta":-0.00018277777777777775,"beta_L":-0.0044444444444444444,"beta_U":0.002777777777777778,"2012_1":2,"2012_2":1,"2012_3":1,"2012_4":1,"2012_5":1,"2012_6":1,"2012_7":1,"2012_8":0,"2012_9":1,"2012_10":1,"2012_11":1,"2012_12":2,"2013_1":2,"2013_2":1,"2013_3":1,"2013_4":1,"2013_5":1,"2013_6":1,