{"_id":4.0,"SD_NM":"경기도","SD_CD":"31","SGG_NM":"경기북부","SGG_CD":"31_경기북부","beta":0.0007827272727272727,"beta_L":-0.00044090909090909093,"beta_U":0.002,"2012_1":1.5454545454545454,"2012_2":1.0909090909090908,"2012_3":1.0,"2012_4":0.6363636363636364,"2012_5":1.0,"2012_6":0.5454545454545454,"2012_7":0.2727272727272727,"2012_8":0.09090909090909091,"2012_9":0.36363636363636365,"2012_10":0.36363636363636365,"2012_11":1.0,"2012_12":1.2727272727272727,"2013_1":1.4545454545454546,"2013_2":1.0,"2013_3":0.9090909090909091,"2013_4":1.0909090909090908,"2013_5":1.5454545454545454,"2013_6":1.3636363636363635,"2013_7":0.9090909090909091,"2013_8":1.1818181818181819,"2013_9":0.8181818181818182,"2013_10":0.9090909090909091,"2013_11":1.1818181818181819,"2013_12":1.9090909090909092,"2014_1":0.8181818181818182,"2014_2":0.7272727272727273,"2014_3":0.36363636363636365,"2014_4":0.36363636363636365,"2014_5":0.2727272727272727,"2014_6":0.18181818181818182,"2014_7":0.18181818181818182,"2014_8":0.18181818181818182,"2014_9":0.18181818181818182,"2014_10":0.18181818181818182,"2014_11":0.2727272727272727,"2014_12":0.2727272727272727,"2015_1":1.0,"2015_2":1.2727272727272727,"2015_3":0.18181818181818182,"2015_4":0.36363636363636365,"2015_5":0.45454545454545453,"2015_6":0.36363636363636365,"2015_7":0.09090909090909091,"2015_8":0.36363636363636365,"2015_9":0.18181818181818182,"2015_10":0.5454545454545454,"2015_11":0.2727272727272727,"2015_12":0.36363636363636365,"1mth_avg":1.0,"2mth_avg":0.8181818181818182,"3mth_avg":0.36363636363636365,"4mth_avg":0.36363636363636365,"5mth_avg":0.6363636363636364,"6mth_avg":0.36363636363636365,"7mth_avg":0.18181818181818182,"8mth_avg":0.2727272727272727,"9mth_avg":0.18181818181818182,"10mth_avg":0.2727272727272727,"11mth_avg":0.36363636363636365,"12mth_avg":0.6363636363636364}
