{"_id":{"SD_CD":"21"},"SD_NM":"부산광역시","SGG_NM":"부산광역시","SGG_CD":"21000","SD_CD":"21","beta":0.00175125,"beta_L":0.0005762499999999999,"beta_U":0.002911875,"2012_1":33,"2012_2":35,"2012_3":31,"2012_4":31,"2012_5":37,"2012_6":16,"2012_7":20,"2012_8":6,"2012_9":17,"2012_10":22,"2012_11":33,"2012_12":34,"2013_1":42,"2013_2":33,"2013_3":43,"2013_4":32,"2013_5":41,"2013_6":33,"2013_7":23,"2013_8":25,"2013_9":14,"2013_10":16,"2013_11":27,"2013_12":36,"2014_1":37,"2014_2":21,"2014_3":15,"2014_4":10,"2014_5":16,"2014_6":10,"2014_7":11,"2014_8":4,"2014_9":5,"2014_10":6,"2014_11":10,"2014_12":10,"2015_1":28,"2015_2":35,"2015_3":12,"2015_4":5,"2015_5":31,"2015_6":22,"2015_7":10,"2015_8":13,"2015_9":8,"2015_10":15,"2015_11":11,"2015_12":14,"1mth_avg":32,"2mth_avg":26,"3mth_avg":19,"4mth_avg":15,"5mth_avg":26,"6mth_avg":15,"7mth_avg":13,"8mth_avg":9,"9mth_avg":9,"10mth_avg":10,"11mth_avg":15,"12mth_avg":18}
{"_id":{"SD_CD":"22"},"SD_NM":"대구광역시","SGG_NM":"대구광역시","SGG_CD":"22000","SD_CD":"22","beta":0.001785,"beta_L":0.0007875,"beta_U":0.0027825000000000003,"2012_1":29,"2012_2":28,"2012_3":23,"2012_4":26,"2012_5":24,"2012_6":14,"2012_7":16,"2012_8":8,"2012_9":16,"2012_10":18,"2012_11":29,"2012_12":32,"2013_1":42,"2013_2":28,"2013_3":34,"2013_4":22,"2013_5":28,"2013_6":23,"2013_7":12,"2013_8":18,"2013_9":14,"2013_10":16,"2013_11":21,"2013_12":27,"2014_1":29,"2014_2":20,"2014_3":17,"2014_4":23,"2014_5":25,"2014_6":13,"2014_7":9,"2014_8":5,"2014_9":11,"2014_10":14,"2014_11":19,"2014_12":15,"2015_1":28,"2015_2":31,"2015_3":13,"2015_4":4,"2015_5":20,"2015_6":18,"2015_7":9,"2015_8":10,"2015_9":9,"2015_10":15,"2015_11":15,"2015_12":15,"1mth_avg":30,"2mth_avg":24,"3mth_avg":20,"4mth_avg":16,"5mth_avg":22,"6mth_avg":15,"7mth_avg":10,"8mth_avg":8,"9mth_avg":10,"10mth_avg":15,"11mth_avg":20,"12mth_avg":20}
{"_id":{"SD_CD":"23"},"SD_NM":"인천광역시","SGG_NM":"인천광역시","SGG_CD":"23000","SD_CD":"23","beta":0.002308,"beta_L":0.000796,"beta_U":0.0038269999999999997,"2012_1":55,"2012_2":42,"2012_3":32,"2012_4":31,"2012_5":36,"2012_6":24,"2012_7":13,"2012_8":9,"2012_9":16,"2012_10":19,"2012_11":33,"2012_12":44,"2013_1":65,"2013_2":40,"2013_3":39,"2013_4":36,"2013_5":70,"2013_6":60,"2013_7":35,"2013_8":40,"2013_9":36,"2013_10":36,"2013_11":54,"2013_12":75,"2014_1":34,"2014_2":29,"2014_3":25,"2014_4":30,"2014_5":21,"2014_6":17,"2014_7":19,"2014_8":12,"2014_9":12,"2014_10":17,"2014_11":25,"2014_12":18,"2015_1":34,"2015_2":51,"2015_3":18,"2015_4":19,"2015_5":25,"2015_6":23,"2015_7":12,"2015_8":20,"2015_9":12,"2015_10":31,"2015_11":21,"2015_12":21,"1mth_avg":45,"2mth_avg":37,"3mth_avg":26,"4mth_avg":27,"5mth_avg":35,"6mth_avg":28,"7mth_avg":17,"8mth_avg":18,"9mth_avg":16,"10mth_avg":24,"11mth_avg":32,"12mth_avg":37}
