{"_id":1.0,"SD_NM":"서울특별시","SD_CD":"11","SGG_NM":"강남","SGG_CD":"11_강남","beta":-0.004203636363636364,"beta_L":-0.005335454545454545,"beta_U":-0.003067272727272727,"2012_1":0.6363636363636364,"2012_2":0.45454545454545453,"2012_3":0.36363636363636365,"2012_4":0.36363636363636365,"2012_5":0.36363636363636365,"2012_6":0.36363636363636365,"2012_7":0.09090909090909091,"2012_8":0.09090909090909091,"2012_9":0.09090909090909091,"2012_10":0.2727272727272727,"2012_11":0.45454545454545453,"2012_12":0.45454545454545453,"2013_1":0.7272727272727273,"2013_2":0.45454545454545453,"2013_3":0.36363636363636365,"2013_4":0.45454545454545453,"2013_5":0.8181818181818182,"2013_6":0.6363636363636364,"2013_7":0.45454545454545453,"2013_8":0.45454545454545453,"2013_9":0.36363636363636365,"2013_10":0.36363636363636365,"2013_11":0.6363636363636364,"2013_12":0.9090909090909091,"2014_1":0.45454545454545453,"2014_2":0.36363636363636365,"2014_3":0.2727272727272727,"2014_4":0.36363636363636365,"2014_5":0.2727272727272727,"2014_6":0.09090909090909091,"2014_7":0.18181818181818182,"2014_8":0.09090909090909091,"2014_9":0.09090909090909091,"2014_10":0.09090909090909091,"2014_11":0.2727272727272727,"2014_12":0.2727272727272727,"2015_1":0.45454545454545453,"2015_2":0.5454545454545454,"2015_3":0.18181818181818182,"2015_4":0.18181818181818182,"2015_5":0.2727272727272727,"2015_6":0.2727272727272727,"2015_7":0.09090909090909091,"2015_8":0.18181818181818182,"2015_9":0.09090909090909091,"2015_10":0.36363636363636365,"2015_11":0.2727272727272727,"2015_12":0.36363636363636365,"1mth_avg":0.45454545454545453,"2mth_avg":0.45454545454545453,"3mth_avg":0.18181818181818182,"4mth_avg":0.2727272727272727,"5mth_avg":0.36363636363636365,"6mth_avg":0.2727272727272727,"7mth_avg":0.18181818181818182,"8mth_avg":0.18181818181818182,"9mth_avg":0.09090909090909091,"10mth_avg":0.18181818181818182,"11mth_avg":0.36363636363636365,"12mth_avg":0.45454545454545453}
