{"_id":3.0,"SD_NM":"경기도","SD_CD":"31","SGG_NM":"경기남부","SGG_CD":"31_경기남부","beta":0.0009506451612903225,"beta_L":-0.00033516129032258064,"beta_U":0.0022203225806451616,"2012_1":2.193548387096774,"2012_2":1.5806451612903225,"2012_3":1.4193548387096775,"2012_4":1.5161290322580645,"2012_5":1.5806451612903225,"2012_6":1.1612903225806452,"2012_7":0.6774193548387096,"2012_8":0.3548387096774194,"2012_9":0.7741935483870968,"2012_10":0.9032258064516129,"2012_11":1.5483870967741935,"2012_12":1.967741935483871,"2013_1":2.935483870967742,"2013_2":1.6774193548387097,"2013_3":1.8387096774193548,"2013_4":1.8064516129032258,"2013_5":3.032258064516129,"2013_6":2.5161290322580645,"2013_7":1.4516129032258065,"2013_8":1.7096774193548387,"2013_9":1.4516129032258065,"2013_10":1.4516129032258065,"2013_11":2.225806451612903,"2013_12":3.161290322580645,"2014_1":1.7096774193548387,"2014_2":1.3225806451612903,"2014_3":1.096774193548387,"2014_4":1.2258064516129032,"2014_5":1.1612903225806452,"2014_6":0.7419354838709677,"2014_7":0.7741935483870968,"2014_8":0.5483870967741935,"2014_9":0.6129032258064516,"2014_10":0.7741935483870968,"2014_11":1.0,"2014_12":0.8387096774193549,"2015_1":1.4516129032258065,"2015_2":2.064516129032258,"2015_3":0.3225806451612903,"2015_4":0.7419354838709677,"2015_5":1.032258064516129,"2015_6":1.096774193548387,"2015_7":0.5806451612903226,"2015_8":0.9354838709677419,"2015_9":0.6451612903225806,"2015_10":1.3548387096774193,"2015_11":0.45161290322580644,"2015_12":0.5161290322580645,"1mth_avg":1.7741935483870968,"2mth_avg":1.4193548387096775,"3mth_avg":0.8709677419354839,"4mth_avg":1.032258064516129,"5mth_avg":1.4193548387096775,"6mth_avg":1.1290322580645162,"7mth_avg":0.6774193548387096,"8mth_avg":0.7096774193548387,"9mth_avg":0.7419354838709677,"10mth_avg":0.8709677419354839,"11mth_avg":1.096774193548387,"12mth_avg":1.2903225806451613}
