{
    "_id": null,
    "SD_NM": "서울특별시",
    "SD_CD": "11",
    "SGG_NM": "강북",
    "SGG_CD": "11_강북",
    "2012_1": 36.253571428571426,
    "2012_2": 29.00142857142857,
    "2012_3": 24.323571428571427,
    "2012_4": 23.36285714285714,
    "2012_5": 24.835,
    "2012_6": 21.58285714285714,
    "2012_7": 15.82642857142857,
    "2012_8": 12.27,
    "2012_9": 16.129285714285714,
    "2012_10": 36.253571428571426,
    "2012_11": 26.872142857142855,
    "2012_12": 33.43785714285714,
    "2013_1": 41.79071428571428,
    "2013_2": 27.749285714285715,
    "2013_3": 25.930714285714284,
    "2013_4": 26.654285714285713,
    "2013_5": 42.465714285714284,
    "2013_6": 35.34928571428571,
    "2013_7": 27.76214285714286,
    "2013_8": 28.72714285714286,
    "2013_9": 25.279285714285717,
    "2013_10": 25.950714285714287,
    "2013_11": 36.035714285714285,
    "2013_12": 49.17214285714285,
    "2014_1": 28.689999999999998,
    "2014_2": 24.262857142857143,
    "2014_3": 21.900000000000002,
    "2014_4": 22.212142857142855,
    "2014_5": 19.50857142857143,
    "2014_6": 15.455714285714285,
    "2014_7": 17.322857142857142,
    "2014_8": 14.332857142857142,
    "2014_9": 14.296428571428573,
    "2014_10": 15.344285714285714,
    "2014_11": 19.09,
    "2014_12": 18.725714285714286,
    "2015_1": 27.175714285714285,
    "2015_2": 33.00214285714286,
    "2015_3": 17.033571428571427,
    "2015_4": 18.219285714285714,
    "2015_5": 20.577142857142857,
    "2015_6": 19.767142857142858,
    "2015_7": 14.791428571428572,
    "2015_8": 18.76142857142857,
    "2015_9": 14.829285714285714,
    "2015_10": 23.565714285714286,
    "2015_11": 18.818571428571428,
    "2015_12": 20.243571428571432,
    "1mth_avg": 33.78214285714286,
    "2mth_avg": 28.446428571428573,
    "3mth_avg": 22.434285714285714,
    "4mth_avg": 22.733571428571427,
    "5mth_avg": 27.303571428571427,
    "6mth_avg": 23.384285714285713,
    "7mth_avg": 19.101428571428574,
    "8mth_avg": 18.64785714285714,
    "9mth_avg": 17.804285714285715,
    "10mth_avg": 20.982142857142858,
    "11mth_avg": 25.547857142857143,
    "12mth_avg": 31.094285714285714
}