{
    "_id": null,
    "SD_NM": "서울특별시",
    "SD_CD": "11",
    "SGG_NM": "강남",
    "SGG_CD": "11_강남",
    "2012_1": 36.56090909090909,
    "2012_2": 29.872727272727275,
    "2012_3": 25.024545454545454,
    "2012_4": 24.153636363636362,
    "2012_5": 26.05545454545455,
    "2012_6": 22.35272727272727,
    "2012_7": 16.783636363636365,
    "2012_8": 12.985454545454546,
    "2012_9": 17.332727272727272,
    "2012_10": 36.56090909090909,
    "2012_11": 28.086363636363636,
    "2012_12": 33.71,
    "2013_1": 43.04545454545455,
    "2013_2": 29.687272727272727,
    "2013_3": 27.727272727272727,
    "2013_4": 27.94545454545454,
    "2013_5": 43.275454545454544,
    "2013_6": 37.08181818181818,
    "2013_7": 28.085454545454546,
    "2013_8": 29.403636363636362,
    "2013_9": 25.754545454545454,
    "2013_10": 26.15818181818182,
    "2013_11": 36.74636363636363,
    "2013_12": 49.141818181818174,
    "2014_1": 29.00818181818182,
    "2014_2": 24.155454545454543,
    "2014_3": 21.687272727272727,
    "2014_4": 22.72909090909091,
    "2014_5": 19.961818181818185,
    "2014_6": 16.564545454545456,
    "2014_7": 17.804545454545455,
    "2014_8": 14.789090909090909,
    "2014_9": 15.147272727272728,
    "2014_10": 16.018181818181816,
    "2014_11": 19.768181818181816,
    "2014_12": 18.703636363636363,
    "2015_1": 26.99090909090909,
    "2015_2": 33.199090909090906,
    "2015_3": 17.767272727272726,
    "2015_4": 19.047272727272727,
    "2015_5": 21.854545454545455,
    "2015_6": 21.395454545454545,
    "2015_7": 15.588181818181818,
    "2015_8": 19.742727272727276,
    "2015_9": 16.05909090909091,
    "2015_10": 25.579090909090908,
    "2015_11": 19.36090909090909,
    "2015_12": 21.18,
    "1mth_avg": 33.94,
    "2mth_avg": 29.296363636363637,
    "3mth_avg": 23.157272727272726,
    "4mth_avg": 23.520000000000003,
    "5mth_avg": 27.815454545454546,
    "6mth_avg": 24.41090909090909,
    "7mth_avg": 19.60818181818182,
    "8mth_avg": 19.27,
    "9mth_avg": 18.60727272727273,
    "10mth_avg": 22.029999999999998,
    "11mth_avg": 26.078181818181818,
    "12mth_avg": 30.745454545454546
}