{"_id":{"SD_CD":"11"},"SD_NM":"서울특별시","SGG_NM":"서울특별시","SGG_CD":"11000","SD_CD":"11","beta":-0.0043728,"beta_L":-0.005600000000000001,"beta_U":-0.0028000000000000004,"2012_1":2,"2012_2":1,"2012_3":1,"2012_4":1,"2012_5":1,"2012_6":1,"2012_7":0,"2012_8":0,"2012_9":0,"2012_10":1,"2012_11":1,"2012_12":2,"2013_1":2,"2013_2":1,"2013_3":1,"2013_4":1,"2013_5":2,"2013_6":2,"2013_7":1,"2013_8":1,"2013_9":1,"2013_10":1,"2013_11":2,"2013_12":3,"2014_1":1,"2014_2":1,"2014_3":1,"2014_4":1,"2014_5":1,"2014_6":0,"2014_7":0,"2014_8":0,"2014_9":0,"2014_10":0,"2014_11":1,"2014_12":1,"2015_1":1,"2015_2":1,"2015_3":0,"2015_4":0,"2015_5":1,"2015_6":1,"2015_7":0,"2015_8":0,"2015_9":0,"2015_10":1,"2015_11":0,"2015_12":1,"1mth_avg":1,"2mth_avg":1,"3mth_avg":0,"4mth_avg":0,"5mth_avg":1,"6mth_avg":1,"7mth_avg":0,"8mth_avg":0,"9mth_avg":0,"10mth_avg":0,"11mth_avg":1,"12mth_avg":1}
{"_id":{"SD_CD":"21"},"SD_NM":"부산광역시","SGG_NM":"부산광역시","SGG_CD":"21000","SD_CD":"21","beta":0.0018018749999999999,"beta_L":0.0,"beta_U":0.004375,"2012_1":13,"2012_2":15,"2012_3":11,"2012_4":12,"2012_5":15,"2012_6":7,"2012_7":8,"2012_8":4,"2012_9":8,"2012_10":8,"2012_11":14,"2012_12":13,"2013_1":20,"2013_2":14,"2013_3":21,"2013_4":13,"2013_5":16,"2013_6":14,"2013_7":10,"2013_8":11,"2013_9":6,"2013_10":8,"2013_11":10,"2013_12":15,"2014_1":14,"2014_2":8,"2014_3":6,"2014_4":4,"2014_5":6,"2014_6":4,"2014_7":4,"2014_8":0,"2014_9":4,"2014_10":4,"2014_11":4,"2014_12":4,"2015_1":10,"2015_2":16,"2015_3":4,"2015_4":4,"2015_5":11,"2015_6":9,"2015_7":4,"2015_8":6,"2015_9":4,"2015_10":7,"2015_11":5,"2015_12":6,"1mth_avg":11,"2mth_avg":10,"3mth_avg":8,"4mth_avg":7,"5mth_avg":10,"6mth_avg":7,"7mth_avg":4,"8mth_avg":4,"9mth_avg":4,"10mth_avg":4,"11mth_avg":6,"12mth_avg":7}
{"_id":{"SD_CD":"22"},"SD_NM":"대구광역시","SGG_NM":"대구광역시","SGG_CD":"22000","SD_CD":"22","beta":0.00241,"beta_L":0.0,"beta_U":0.0025,"2012_1":14,"2012_2":14,"2012_3":10,"2012_4":12,"2012_5":11,"2012_6":8,"2012_7":8,"2012_8":3,"2012_9":8,"2012_10":10,"2012_11":14,"2012_12":16,"2013_1":21,"2013_2":15,"2013_3":16,"2013_4":10,"2013_5":14,"2013_6":11,"2013_7":6,"2013_8":9,"2013_9":8,"2013_10":8,"2013_11":10,"2013_12":13,"2014_1":15,"2014_2":10,"2014_3":9,"2014_4":10,"2014_5":12,"2014_6":6,"2014_7":5,"2014_8":2,"2014_9":5,"2014_10":8,"2014_11":9,"2014_12":8,"2015_1":14,"2015_2":15,"2015_3":7,"2015_4":2,"2015_5":10,"2015_6":9,"2015_7":5,"2015_8":5,"2015_9":4,"2015_10":8,"2015_11":8,"2015_12":8,"1mth_avg":15,"2mth_avg":11,"3mth_avg":9,"4mth_avg":6,"5mth_avg":10,"6mth_avg":7,"7mth_avg":5,"8mth_avg":3,"9mth_avg":4,"10mth_avg":8,"11mth_avg":10,"12mth_avg":10}
{"_id":{"SD_CD":"23"},"SD_NM":"인천광역시","SGG_NM":"인천광역시","SGG_CD":"23000","SD_CD":"23","beta":0.003549,"beta_L":0.001,"beta_U":0.007000000000000001,"2012_1":32,"2012_2":23,"2012_3":18,"2012_4":18,"2012_5":21,"2012_6":14,"2012_7":8,"2012_8":5,"2012_9":9,"2012_10":13,"2012_11":20,"2012_12":27,"2013_1":37,"2013_2":23,"2013_3":22,"2013_4":21,"2013_5":41,"2013_6":34,"2013_7":20,"2013_8":23,"2013_9":20,"2013_10":21,"2013_11":31,"2013_12":44,"2014_1":20,"2014_2":16,"2014_3":16,"2014_4":17,"2014_5":13,"2014_6":10,"2014_7":10,"2014_8":7,"2014_9":8,"2014_10":9,"2014_11":15,"2014_12":10,"2015_1":20,"2015_2":30,"2015_3":10,"2015_4":11,"2015_5":14,"2015_6":14,"2015_7":7,"2015_8":12,"2015_9":7,"2015_10":17,"2015_11":12,"2015_12":13,"1mth_avg":24,"2mth_avg":21,"3mth_avg":15,"4mth_avg":16,"5mth_avg":21,"6mth_avg":16,"7mth_avg":9,"8mth_avg":9,"9mth_avg":8,"10mth_avg":14,"11mth_avg":17,"12mth_avg":21}
{"_id":{"SD_CD":"24"},"SD_NM":"광주광역시","SGG_NM":"광주광역시","SGG_CD":"24000","SD_CD":"24","beta":0.002542,"beta_L":0.002,"beta_U":0.002,"2012_1":9,"2012_2":8,"2012_3":8,"2012_4":8,"2012_5":11,"2012_6":3,"2012_7":2,"2012_8":2,"2012_9":4,"2012_10":6,"2012_11":7,"2012_12":9,"2013_1":12,"2013_2":9,"2013_3":11,"2013_4":7,"2013_5":11,"2013_6":9,"2013_7":3,"2013_8":3,"2013_9":5,"2013_10":4,"2013_11":6,"2013_12":7,"2014_1":8,"2014_2":7,"2014_3":3,"2014_4":5,"2014_5":8,"2014_6":3,"2014_7":2,"2014_8":2,"2014_9":3,"2014_10":3,"2014_11":3,"2014_12":3,"2015_1":7,"2015_2":9,"2015_3":1,"2015_4":3,"2015_5":4,"2015_6":3,"2015_7":2,"2015_8":3,"2015_9":3,"2015_10":7,"2015_11":1,"2015_12":1,"1mth_avg":8,"2mth_avg":7,"3mth_avg":4,"4mth_avg":4,"5mth_avg":6,"6mth_avg":3,"7mth_avg":2,"8mth_avg":2,"9mth_avg":3,"10mth_avg":4,"11mth_avg":3,"12mth_avg":4}
{"_id":{"SD_CD":"25"},"SD_NM":"대전광역시","SGG_NM":"대전광역시","SGG_CD":"25000","SD_CD":"25","beta":0.00133,"beta_L":0.0,"beta_U":0.0,"2012_1":3,"2012_2":3,"2012_3":3,"2012_4":3,"2012_5":3,"2012_6":1,"2012_7":0,"2012_8":0,"2012_9":0,"2012_10":0,"2012_11":3,"2012_12":3,"2013_1":3,"2013_2":3,"2013_3":3,"2013_4":3,"2013_5":3,"2013_6":3,"2013_7":0,"2013_8":0,"2013_9":1,"2013_10":0,"2013_11":3,"2013_12":3,"2014_1":3,"2014_2":3,"2014_3":1,"2014_4":1,"2014_5":3,"2014_6":0,"2014_7":0,"2014_8":0,"2014_9":0,"2014_10":0,"2014_11":0,"2014_12":0,"2015_1":3,"2015_2":3,"2015_3":0,"2015_4":0,"2015_5":3,"2015_6":1,"2015_7":0,"2015_8":0,"2015_9":0,"2015_10":3,"2015_11":0,"2015_12":0,"1mth_avg":3,"2mth_avg":3,"3mth_avg":0,"4mth_avg":0,"5mth_avg":3,"6mth_avg":0,"7mth_avg":0,"8mth_avg":0,"9mth_avg":0,"10mth_avg":0,"11mth_avg":0,"12mth_avg":0}
{"_id":{"SD_CD":"26"},"SD_NM":"울산광역시","SGG_NM":"울산광역시","SGG_CD":"26000","SD_CD":"26","beta":0.00434,"beta_L":0.0,"beta_U":0.008,"2012_1":6,"2012_2":6,"2012_3":4,"2012_4":6,"2012_5":6,"2012_6":4,"2012_7":5,"2012_8":0,"2012_9":4,"2012_10":4,"2012_11":5,"2012_12":5,"2013_1":6,"2013_2":6,"2013_3":6,"2013_4":4,"2013_5":6,"2013_6":6,"2013_7":4,"2013_8":5,"2013_9":2,"2013_10":3,"2013_11":4,"2013_12":6,"2014_1":6,"2014_2":4,"2014_3":4,"2014_4":4,"2014_5":4,"2014_6":2,"2014_7":2,"2014_8":0,"2014_9":0,"2014_10":0,"2014_11":2,"2014_12":1,"2015_1":4,"2015_2":6,"2015_3":2,"2015_4":0,"2015_5":6,"2015_6":4,"2015_7":2,"2015_8":2,"2015_9":0,"2015_10":3,"2015_11":2,"2015_12":2,"1mth_avg":4,"2mth_avg":4,"3mth_avg":2,"4mth_avg":1,"5mth_avg":4,"6mth_avg":2,"7mth_avg":2,"8mth_avg":0,"9mth_avg":0,"10mth_avg":0,"11mth_avg":2,"12mth_avg":1}
{"_id":{"SD_CD":"29"},"SD_NM":"세종특별자치시","SGG_NM":"세종특별자치시","SGG_CD":"29000","SD_CD":"29","beta":0.00321,"beta_L":0.0,"beta_U":0.0,"2012_1":0,"2012_2":0,"2012_3":0,"2012_4":0,"2012_5":0,"2012_6":0,"2012_7":0,"2012_8":0,"2012_9":0,"2012_10":0,"2012_11":0,"2012_12":0,"2013_1":1,"2013_2":0,"2013_3":0,"2013_4":0,"2013_5":1,"2013_6":0,"2013_7":0,"2013_8":0,"2013_9":0,"2013_10":0,"2013_11":0,"2013_12":0,"2014_1":1,"2014_2":0,"2014_3":0,"2014_4":0,"2014_5":0,"2014_6":0,"2014_7":0,"2014_8":0,"2014_9":0,"2014_10":0,"2014_11":0,"2014_12":0,"2015_1":1,"2015_2":1,"2015_3":0,"2015_4":0,"2015_5":0,"2015_6":0,"2015_7":0,"2015_8":0,"2015_9":0,"2015_10":0,"2015_11":0,"2015_12":0,"1mth_avg":0,"2mth_avg":0,"3mth_avg":0,"4mth_avg":0,"5mth_avg":0,"6mth_avg":0,"7mth_avg":0,"8mth_avg":0,"9mth_avg":0,"10mth_avg":0,"11mth_avg":0,"12mth_avg":0}
{"_id":{"SD_CD":"31"},"SD_NM":"경기도","SGG_NM":"경기도","SGG_CD":"31000","SD_CD":"31","beta":0.00041090909090909096,"beta_L":-0.0009090909090909091,"beta_U":0.0013636363636363635,"2012_1":30,"2012_2":22,"2012_3":19,"2012_4":20,"2012_5":21,"2012_6":18,"2012_7":5,"2012_8":2,"2012_9":6,"2012_10":8,"2012_11":20,"2012_12":23,"2013_1":38,"2013_2":22,"2013_3":22,"2013_4":23,"2013_5":40,"2013_6":34,"2013_7":20,"2013_8":24,"2013_9":19,"2013_10":19,"2013_11":28,"2013_12":43,"2014_1":20,"2014_2":17,"2014_3":16,"2014_4":17,"2014_5":14,"2014_6":6,"2014_7":6,"2014_8":6,"2014_9":6,"2014_10":7,"2014_11":10,"2014_12":7,"2015_1":19,"2015_2":24,"2015_3":2,"2015_4":7,"2015_5":13,"2015_6":15,"2015_7":6,"2015_8":7,"2015_9":6,"2015_10":18,"2015_11":7,"2015_12":7,"1mth_avg":21,"2mth_avg":16,"3mth_avg":7,"4mth_avg":9,"5mth_avg":16,"6mth_avg":12,"7mth_avg":5,"8mth_avg":6,"9mth_avg":5,"10mth_avg":6,"11mth_avg":8,"12mth_avg":14}
{"_id":{"SD_CD":"32"},"SD_NM":"강원도","SGG_NM":"강원도","SGG_CD":"32000","SD_CD":"32","beta":0.001045,"beta_L":-0.0011111111111111111,"beta_U":0.002777777777777778,"2012_1":2,"2012_2":1,"2012_3":1,"2012_4":2,"2012_5":1,"2012_6":1,"2012_7":1,"2012_8":0,"2012_9":1,"2012_10":1,"2012_11":2,